{
  "system": "Darwin",
  "version": "1.1.1",
  "lite": false,
  "py_version": "3.11",
  "py_version_micro": "3.11.3",
  "packages": {
    "automat": "20.2.0",
    "babel": "2.11.0",
    "bottleneck": "1.4.0",
    "flask": "2.2.2",
    "flask-cors": "4.0.1",
    "flask-pymongo": "2.3.0",
    "flask-sslify": "0.1.5",
    "heapdict": "1.0.1",
    "jinja2": "3.1.2",
    "markdown": "3.4.1",
    "markupsafe": "2.1.1",
    "pillow": "9.4.0",
    "protego": "0.1.16",
    "pydispatcher": "2.0.5",
    "pyjwt": "2.4.0",
    "pyqt5-sip": "12.11.0",
    "pysocks": "1.7.1",
    "pywavelets": "1.4.1",
    "pyyaml": "6.0",
    "pygments": "2.15.1",
    "qdarkstyle": "3.0.2",
    "qtawesome": "1.2.2",
    "qtpy": "2.2.0",
    "rtree": "1.0.1",
    "sqlalchemy": "1.4.39",
    "scrapy": "2.8.0",
    "send2trash": "1.8.0",
    "sphinx": "5.0.2",
    "tbb": "0.2",
    "twisted": "22.10.0",
    "unidecode": "1.2.0",
    "werkzeug": "2.2.3",
    "absl-py": "2.1.0",
    "accelerate": "0.30.1",
    "aiobotocore": "2.5.0",
    "aiofiles": "22.1.0",
    "aiohttp": "3.8.3",
    "aioitertools": "0.7.1",
    "aiosignal": "1.2.0",
    "aiosqlite": "0.18.0",
    "alabaster": "0.7.12",
    "anaconda-catalogs": "0.2.0",
    "anaconda-client": "1.11.3",
    "anaconda-navigator": "2.4.2",
    "anaconda-project": "0.11.1",
    "annotated-types": "0.7.0",
    "anyio": "3.5.0",
    "appdirs": "1.4.4",
    "applaunchservices": "0.3.0",
    "appnope": "0.1.2",
    "appscript": "1.1.2",
    "argon2-cffi": "21.3.0",
    "argon2-cffi-bindings": "21.2.0",
    "argparse": "1.4.0",
    "arrow": "1.2.3",
    "astroid": "2.14.2",
    "astropy": "5.1",
    "asttokens": "2.0.5",
    "astunparse": "1.6.3",
    "async-timeout": "4.0.2",
    "atomicwrites": "1.4.0",
    "attrs": "22.1.0",
    "audioread": "3.0.1",
    "autogluon.common": "1.1.1",
    "autogluon.core": "1.1.1",
    "autogluon.features": "1.1.1",
    "autogluon.tabular": "1.1.1",
    "autopep8": "1.6.0",
    "backcall": "0.2.0",
    "backports.functools-lru-cache": "1.6.4",
    "backports.tempfile": "1.0",
    "backports.weakref": "1.0.post1",
    "bcrypt": "3.2.0",
    "beautifulsoup4": "4.12.2",
    "binaryornot": "0.4.4",
    "black": "0.0",
    "bleach": "4.1.0",
    "blis": "0.7.11",
    "bokeh": "3.1.1",
    "boltons": "23.0.0",
    "boto3": "1.34.145",
    "botocore": "1.34.145",
    "branca": "0.7.0",
    "brotlipy": "0.7.0",
    "cachetools": "5.3.2",
    "catalogue": "2.0.10",
    "catboost": "1.2.5",
    "certifi": "2023.7.22",
    "cffi": "1.15.1",
    "chardet": "4.0.0",
    "charset-normalizer": "2.0.4",
    "click": "8.1.7",
    "click-plugins": "1.1.1",
    "cligj": "0.7.2",
    "cloudpathlib": "0.18.1",
    "cloudpickle": "2.2.1",
    "clyent": "1.2.2",
    "colorama": "0.4.6",
    "colorcet": "3.0.1",
    "comm": "0.1.2",
    "conda": "23.5.2",
    "conda-build": "3.25.0",
    "conda-content-trust": "0.1.3",
    "conda-index": "0.2.3",
    "conda-libmamba-solver": "23.5.0",
    "conda-pack": "0.6.0",
    "conda-package-handling": "2.1.0",
    "conda-package-streaming": "0.8.0",
    "conda-repo-cli": "1.0.41",
    "conda-token": "0.4.0",
    "conda-verify": "3.4.2",
    "confection": "0.1.5",
    "constantly": "15.1.0",
    "contourpy": "1.0.5",
    "cookiecutter": "1.7.3",
    "cors": "1.0.1",
    "cryptography": "39.0.1",
    "cssselect": "1.1.0",
    "cycler": "0.11.0",
    "cymem": "2.0.8",
    "cytoolz": "0.12.0",
    "dask": "2023.6.0",
    "datasets": "2.12.0",
    "datashader": "0.15.0",
    "datashape": "0.5.4",
    "debugpy": "1.5.1",
    "decorator": "5.1.1",
    "defusedxml": "0.7.1",
    "diff-match-patch": "20200713",
    "dill": "0.3.6",
    "distributed": "2023.6.0",
    "dnspython": "2.6.1",
    "docstring-to-markdown": "0.11",
    "docutils": "0.18.1",
    "entrypoints": "0.4",
    "et-xmlfile": "1.1.0",
    "executing": "0.8.3",
    "fastai": "2.7.15",
    "fastcore": "1.5.54",
    "fastdownload": "0.0.7",
    "fastjsonschema": "2.16.2",
    "fastprogress": "1.0.3",
    "filelock": "3.9.0",
    "fiona": "1.9.5",
    "flake8": "6.0.0",
    "flatbuffers": "24.3.25",
    "folium": "0.15.1",
    "fonttools": "4.25.0",
    "frozenlist": "1.3.3",
    "fsspec": "2023.4.0",
    "future": "0.18.3",
    "gast": "0.6.0",
    "gensim": "4.3.0",
    "geopandas": "0.14.2",
    "gevent": "24.2.1",
    "glob2": "0.7",
    "gmpy2": "2.1.2",
    "google-auth": "2.24.0",
    "google-auth-oauthlib": "1.1.0",
    "google-pasta": "0.2.0",
    "graphviz": "0.20.3",
    "greenlet": "3.0.3",
    "grpcio": "1.65.1",
    "gspread": "5.12.2",
    "h11": "0.14.0",
    "h5py": "3.11.0",
    "holoviews": "1.16.2",
    "huepy": "1.2.1",
    "huggingface-hub": "0.15.1",
    "hvplot": "0.8.4",
    "hyperlink": "21.0.0",
    "idna": "3.4",
    "imagecodecs": "2021.8.26",
    "imageio": "2.31.1",
    "imagesize": "1.4.1",
    "imbalanced-learn": "0.10.1",
    "importlib-metadata": "6.0.0",
    "incremental": "21.3.0",
    "inflection": "0.5.1",
    "iniconfig": "1.1.1",
    "intake": "0.6.8",
    "intervaltree": "3.1.0",
    "ipykernel": "6.19.2",
    "ipython": "8.12.0",
    "ipython-genutils": "0.2.0",
    "ipywidgets": "8.0.4",
    "isort": "5.9.3",
    "itemadapter": "0.3.0",
    "itemloaders": "1.0.4",
    "itsdangerous": "2.0.1",
    "jaraco.classes": "3.2.1",
    "jedi": "0.18.1",
    "jellyfish": "0.9.0",
    "jinja2-time": "0.2.0",
    "jiwer": "3.0.4",
    "jmespath": "0.10.0",
    "joblib": "1.2.0",
    "json5": "0.9.6",
    "jsonlines": "4.0.0",
    "jsonpatch": "1.32",
    "jsonpointer": "2.1",
    "jsonschema": "4.17.3",
    "jupyter": "1.0.0",
    "jupyter-client": "7.4.9",
    "jupyter-console": "6.6.3",
    "jupyter-core": "5.3.0",
    "jupyter-events": "0.6.3",
    "jupyter-server": "1.23.4",
    "jupyter-server-fileid": "0.9.0",
    "jupyter-server-terminals": "0.4.4",
    "jupyter-server-ydoc": "0.8.0",
    "jupyter-ydoc": "0.2.4",
    "jupyterlab": "3.6.3",
    "jupyterlab-pygments": "0.1.2",
    "jupyterlab-server": "2.22.0",
    "jupyterlab-widgets": "3.0.5",
    "keras": "3.4.1",
    "keyring": "23.13.1",
    "kiwisolver": "1.4.4",
    "langcodes": "3.4.0",
    "language-data": "1.2.0",
    "lazy-loader": "0.2",
    "lazy-object-proxy": "1.6.0",
    "libarchive-c": "2.9",
    "libclang": "18.1.1",
    "libmambapy": "1.4.1",
    "librosa": "0.10.2.post1",
    "lightgbm": "4.4.0",
    "linkify-it-py": "2.0.0",
    "livereload": "2.7.0",
    "llvmlite": "0.40.0",
    "lmdb": "1.4.1",
    "locket": "1.0.0",
    "lxml": "4.9.2",
    "lz4": "4.3.2",
    "marisa-trie": "1.2.0",
    "markdown2": "2.5.0",
    "markdown-it-py": "2.2.0",
    "matplotlib": "3.7.1",
    "matplotlib-inline": "0.1.6",
    "mccabe": "0.7.0",
    "mdit-py-plugins": "0.3.0",
    "mdurl": "0.1.0",
    "mistune": "0.8.4",
    "ml-dtypes": "0.4.0",
    "more-itertools": "8.12.0",
    "mpmath": "1.2.1",
    "msgpack": "1.0.3",
    "multidict": "6.0.2",
    "multipledispatch": "0.6.0",
    "multiprocess": "0.70.14",
    "munkres": "1.1.4",
    "murmurhash": "1.0.10",
    "mypy-extensions": "0.4.3",
    "namex": "0.0.8",
    "navigator-updater": "0.4.0",
    "nbclassic": "0.5.5",
    "nbclient": "0.5.13",
    "nbconvert": "6.5.4",
    "nbformat": "5.7.0",
    "nest-asyncio": "1.5.6",
    "networkx": "3.3",
    "nltk": "3.7",
    "notebook": "6.5.4",
    "notebook-shim": "0.2.2",
    "numba": "0.57.0",
    "numexpr": "2.8.4",
    "numpy": "1.24.3",
    "numpydoc": "1.5.0",
    "oauthlib": "3.2.2",
    "openpyxl": "3.1.5",
    "opt-einsum": "3.3.0",
    "optree": "0.12.1",
    "outcome": "1.3.0.post0",
    "packaging": "23.0",
    "pandas": "2.2.2",
    "pandocfilters": "1.5.0",
    "panel": "1.1.0",
    "param": "1.13.0",
    "parsel": "1.6.0",
    "parso": "0.8.3",
    "partd": "1.2.0",
    "pathlib": "1.0.1",
    "pathspec": "0.10.3",
    "patsy": "0.5.3",
    "pdfminer.six": "20231228",
    "pdfplumber": "0.11.2",
    "pep8": "1.7.1",
    "pexpect": "4.8.0",
    "pickleshare": "0.7.5",
    "pip": "24.1.2",
    "pkginfo": "1.9.6",
    "platformdirs": "2.5.2",
    "plotly": "5.9.0",
    "pluggy": "1.0.0",
    "ply": "3.11",
    "pooch": "1.4.0",
    "poyo": "0.5.0",
    "preshed": "3.0.9",
    "prometheus-client": "0.14.1",
    "prompt-toolkit": "3.0.36",
    "protobuf": "4.25.3",
    "psutil": "5.9.0",
    "ptyprocess": "0.7.0",
    "pure-eval": "0.2.2",
    "pyopenssl": "23.0.0",
    "py-cpuinfo": "8.0.0",
    "pyarrow": "11.0.0",
    "pyasn1": "0.4.8",
    "pyasn1-modules": "0.2.8",
    "pycodestyle": "2.10.0",
    "pycosat": "0.6.4",
    "pycparser": "2.21",
    "pyct": "0.5.0",
    "pycurl": "7.45.2",
    "pydantic": "2.8.2",
    "pydantic-core": "2.20.1",
    "pydocstyle": "6.3.0",
    "pyerfa": "2.0.0",
    "pyflakes": "3.0.1",
    "pylint": "2.16.2",
    "pylint-venv": "2.3.0",
    "pyls-spyder": "0.4.0",
    "pymongo": "4.8.0",
    "pyobjc-core": "9.0",
    "pyobjc-framework-cocoa": "9.0",
    "pyobjc-framework-coreservices": "9.0",
    "pyobjc-framework-fsevents": "9.0",
    "pyodbc": "4.0.34",
    "pyparsing": "3.0.9",
    "pypdf2": "3.0.1",
    "pypdfium2": "4.30.0",
    "pyproj": "3.6.1",
    "pyrsistent": "0.18.0",
    "pyserial": "3.5",
    "pytest": "7.3.1",
    "python-dateutil": "2.8.2",
    "python-json-logger": "2.0.7",
    "python-lsp-black": "1.2.1",
    "python-lsp-jsonrpc": "1.0.0",
    "python-lsp-server": "1.7.2",
    "python-slugify": "5.0.2",
    "python-snappy": "0.6.1",
    "pytoolconfig": "1.2.5",
    "pytorch-tabnet": "4.1.0",
    "pytz": "2022.7",
    "pyviz-comms": "2.3.0",
    "pyzmq": "23.2.0",
    "qstylizer": "0.2.2",
    "qtconsole": "5.4.2",
    "queuelib": "1.5.0",
    "rapidfuzz": "3.9.0",
    "regex": "2022.7.9",
    "requests": "2.29.0",
    "requests-file": "1.5.1",
    "requests-oauthlib": "1.3.1",
    "requests-toolbelt": "0.9.1",
    "responses": "0.13.3",
    "rfc3339-validator": "0.1.4",
    "rfc3986-validator": "0.1.1",
    "rich": "13.7.1",
    "rope": "1.7.0",
    "rsa": "4.9",
    "ruamel.yaml": "0.17.21",
    "ruamel-yaml-conda": "0.17.21",
    "s3fs": "2023.4.0",
    "s3transfer": "0.10.2",
    "sacremoses": "0.0.43",
    "safetensors": "0.4.3",
    "scikit-image": "0.20.0",
    "scikit-learn": "1.4.0",
    "scipy": "1.10.1",
    "seaborn": "0.12.2",
    "selenium": "4.18.1",
    "service-identity": "18.1.0",
    "setuptools": "67.8.0",
    "shapely": "2.0.2",
    "shellingham": "1.5.4",
    "sip": "6.6.2",
    "six": "1.16.0",
    "smart-open": "5.2.1",
    "sniffio": "1.3.1",
    "snowballstemmer": "2.2.0",
    "sortedcontainers": "2.4.0",
    "soundfile": "0.12.1",
    "soupsieve": "2.4",
    "soxr": "0.3.7",
    "spacy": "3.7.5",
    "spacy-legacy": "3.0.12",
    "spacy-loggers": "1.0.5",
    "sphinxcontrib-applehelp": "1.0.2",
    "sphinxcontrib-devhelp": "1.0.2",
    "sphinxcontrib-htmlhelp": "2.0.0",
    "sphinxcontrib-jsmath": "1.0.1",
    "sphinxcontrib-qthelp": "1.0.3",
    "sphinxcontrib-serializinghtml": "1.1.5",
    "spyder": "5.4.3",
    "spyder-kernels": "2.4.3",
    "srsly": "2.4.8",
    "stack-data": "0.2.0",
    "statsmodels": "0.13.5",
    "sympy": "1.11.1",
    "tables": "3.8.0",
    "tabnet": "0.1.6",
    "tabulate": "0.8.10",
    "tblib": "1.7.0",
    "tenacity": "8.2.2",
    "tensorboard": "2.17.0",
    "tensorboard-data-server": "0.7.2",
    "tensorflow": "2.17.0",
    "tensorflow-io-gcs-filesystem": "0.37.1",
    "termcolor": "2.4.0",
    "terminado": "0.17.1",
    "text-unidecode": "1.3",
    "textdistance": "4.2.1",
    "thinc": "8.2.5",
    "threadpoolctl": "2.2.0",
    "three-merge": "0.1.1",
    "tifffile": "2021.7.2",
    "tinycss2": "1.2.1",
    "tldextract": "3.2.0",
    "tokenizers": "0.13.2",
    "toml": "0.10.2",
    "tomli": "2.0.1",
    "tomlkit": "0.11.1",
    "toolz": "0.12.0",
    "torch": "2.3.0",
    "torchaudio": "2.3.0",
    "torchvision": "0.18.0",
    "tornado": "6.2",
    "tqdm": "4.65.0",
    "traitlets": "5.7.1",
    "transformers": "4.29.2",
    "trio": "0.24.0",
    "trio-websocket": "0.11.1",
    "typer": "0.12.3",
    "typing-extensions": "4.10.0",
    "tzdata": "2024.1",
    "uc-micro-py": "1.0.1",
    "ujson": "5.4.0",
    "urllib3": "1.26.6",
    "vite": "1.5.2",
    "w3lib": "1.21.0",
    "wasabi": "1.1.3",
    "watchdog": "3.0.0",
    "wcwidth": "0.2.5",
    "weasel": "0.4.1",
    "webencodings": "0.5.1",
    "websocket-client": "0.58.0",
    "whatthepatch": "1.0.2",
    "wheel": "0.38.4",
    "widgetsnbextension": "4.0.5",
    "wrapt": "1.14.1",
    "wsproto": "1.2.0",
    "wurlitzer": "3.0.2",
    "xarray": "2022.11.0",
    "xgboost": "2.1.0",
    "xlrd": "2.0.1",
    "xlwings": "0.29.1",
    "xxhash": "2.0.2",
    "xyzservices": "2022.9.0",
    "y-py": "0.5.9",
    "yapf": "0.31.0",
    "yarl": "1.8.1",
    "ypy-websocket": "0.8.2",
    "zict": "2.2.0",
    "zipp": "3.11.0",
    "zope.event": "5.0",
    "zope.interface": "5.4.0",
    "zstandard": "0.19.0"
  }
}